{"644719387827240990Xyzygian Classic": {"member": 644719387827240990, "role": "Xyzygian Classic", "assigned": 1580190341.1532867, "duration": 25920000, "guild": 618965200573431818}, "644719387827240990SFW": {"member": 644719387827240990, "role": "SFW", "assigned": 1580190358.59366, "duration": 25920000, "guild": 618965200573431818}}