{"1582969120.8063612": {"member": 664268557940424709, "role": "rose", "assigned": 1582965520.8063612, "duration": 3600, "guild": 618965200573431818}}